shard_id,read_meta_s,load_table_s,to_pandas_s,feature_engineering_s,total_s
004_00018,0.002268581883981824,0.8475055522285402,0.006003194022923708,30.863645819947124,31.71942314808257
