metric,before,after
boilerplate_doc_ratio,0.060557736579934705,0.05969059600091711
html_residue_doc_ratio,0.0005103017158895197,0.0004464878301898177
